{"nextId":2,"logins":[{"id":1,"hostname":"https://dctf.dragonsec.si","httpRealm":null,"formSubmitURL":"","usernameField":"","passwordField":"","encryptedUsername":"MDoEEPgAAAAAAAAAAAAAAAAAAAEwFAYIKoZIhvcNAwcECDizGyHuZEOPBBDnAFa0PulyWO+8nJNzKWLJ","encryptedPassword":"MEIEEPgAAAAAAAAAAAAAAAAAAAEwFAYIKoZIhvcNAwcECE5GK/BsyUMxBBh/Oq+HNAy7TPwJje7Ri/8GVRp7NmMlpOQ=","guid":"{9d180a48-e076-4094-9d60-9367cdc4b923}","encType":1,"timeCreated":1649804193830,"timeLastUsed":1649804193830,"timePasswordChanged":1649804193830,"timesUsed":1}],"potentiallyVulnerablePasswords":[],"dismissedBreachAlertsByLoginGUID":{},"version":3}