{"chrome://browser/content/browser.xhtml":{"main-window":{"screenX":"4","screenY":"4","width":"1296","height":"888","sizemode":"maximized"},"sidebar-box":{"sidebarcommand":"","width":""},"sidebar-title":{"value":""}},"chrome://browser/content/places/places.xhtml":{"placesContentTags":{"ordinal":"3"},"placesContentUrl":{"ordinal":"5"},"placesContentDate":{"ordinal":"7"},"placesContentVisitCount":{"ordinal":"9"},"placesContentDateAdded":{"ordinal":"11"},"placesContentLastModified":{"ordinal":"13"},"places":{"screenX":"10","screenY":"10","width":"716","height":"539","sizemode":"normal"},"place:3Uh+Zp0aXeOn/eS5hi4ZCg==":{"open":"true"},"place:CqewroxEONFH0b8ILWSXYA==":{"open":"true"}},"chrome://browser/content/places/bookmarkProperties.xhtml":{"bookmarkproperties":{"screenX":"170","screenY":"214","width":"376"}}}